{
    "RMSE": 6645.350032917444,
    "PeakRecall95": 0.657599053814311,
    "PeakRecall99": 0.466798810703667,
    "Imp_vs_Persist_RMSE": 53.629046660893934
}