{
    "45m": {
        "MAE": 38.089338614950755,
        "RMSE": 95.75949370300123,
        "Log-RMSE": 0.1557792423852802,
        "Peak_Recall_95": 0.872822299651568,
        "Peak_Recall_99": 0.7871287128712872,
        "Count": 80375
    },
    "6h": {
        "MAE": 171.57828809710057,
        "RMSE": 350.02724242558116,
        "Log-RMSE": 0.49896588188824104,
        "Peak_Recall_95": 0.3618196160925585,
        "Peak_Recall_99": 0.1903485254691689,
        "Count": 77981
    },
    "12h": {
        "MAE": 238.24287751079808,
        "RMSE": 461.4562213422987,
        "Log-RMSE": 0.6797450628953187,
        "Peak_Recall_95": 0.07212925562608194,
        "Peak_Recall_99": 0.011666666666666667,
        "Count": 75245
    }
}