{
    "RMSE": 404.0619950369304,
    "PeakRecall95": 0.3016393442622951,
    "PeakRecall99": 0.05714285714285714
}