{
    "RMSE": 87319.7707257895,
    "PeakRecall95": 0.863570532007338,
    "PeakRecall99": 0.012844909609895337,
    "Imp_vs_Persist_RMSE": 24.86648979672519
}