{
    "Electron_Flux_lag_12h": 206.47860717773438,
    "Speed_km_s_mean_3h": 52.47724151611328,
    "Speed_km_s_mean_24h": 28.237638473510742,
    "Speed_km_s": 24.926008224487305,
    "Electron_Flux_lag_24h": 20.11961555480957,
    "SYM_H_nT_mean_3h": 19.393644332885742,
    "BZ_nT_GSM_mean_24h": 19.12994384765625,
    "SYM_H_nT_mean_24h": 18.107372283935547,
    "Speed_km_s_lag_24h": 17.577564239501953,
    "Flow_pressure_nPa_mean_24h": 16.663644790649414
}