{
    "45m": {
        "MAE": 50.21016010462828,
        "RMSE": 114.25012842579875,
        "LogRMSE": 0.17261234229275052,
        "PeakRecall95": 0.7111853088480802,
        "PeakRecall99": 0.07207207207207207,
        "Imp_vs_Persist_MAE": -31.822084421596866,
        "Imp_vs_Persist_RMSE": -19.30945330616133
    },
    "6h": {
        "MAE": 156.8803234043517,
        "RMSE": 285.2973568822755,
        "LogRMSE": 0.469830338544119,
        "PeakRecall95": 0.08149405772495756,
        "PeakRecall99": 0.0,
        "Imp_vs_Persist_MAE": 8.566331355649673,
        "Imp_vs_Persist_RMSE": 18.492813614948215
    },
    "12h": {
        "MAE": 117.3612712622455,
        "RMSE": 245.70955906078046,
        "LogRMSE": 0.34578792103472517,
        "PeakRecall95": 0.11466165413533834,
        "PeakRecall99": 0.0,
        "Imp_vs_Persist_MAE": 50.73881222034592,
        "Imp_vs_Persist_RMSE": 46.753441020677414
    }
}